iter	RMSE
0	8.976801469
1	8.959956131
2	8.938443047
3	8.85790678
4	8.826838295
5	8.790085219
6	8.772967055
7	8.728987205
8	8.69197075
9	8.646304163
10	8.621420287
11	8.568422915
12	8.509572551
13	8.476396632
14	8.436275927
